{
  "train_loss": [
    2.6244447049061965,
    2.164635614984354,
    1.6055528046978507,
    1.152508784251608,
    0.8486128092571429,
    0.8203939879016512,
    0.6521979513441681,
    0.5518152858041654,
    0.7688278375537532,
    0.53413705556256,
    0.3627614470044519,
    0.35645629028985454,
    0.25137588267873046,
    0.284299705533465,
    0.3492059438091934,
    0.26724717153865063,
    0.22764516142523214,
    0.19837749469432103,
    0.26219468435664084,
    0.2247558870133321,
    0.209814003983121,
    0.3539712168988149,
    0.21979517769661677,
    0.159130023827978,
    0.17481313721769176,
    0.14640932155262892,
    0.14413167493548362,
    0.178387951805808,
    0.13882406502012995,
    0.142480773483492,
    0.08945681259130976,
    0.05141410260063827,
    0.06884908562253235,
    0.28052339299469237,
    0.17077315455172093,
    0.1407032682068029,
    0.12487030484873778,
    0.09667521174166613,
    0.1287389030312277,
    0.09315398880013614
  ],
  "val_loss": [
    2.350544873405905,
    1.8678554647109087,
    1.4293794141096228,
    1.0027096306576448,
    0.9282362811705646,
    0.7387057051939123,
    0.6067815948935116,
    0.5627180267782772,
    0.8126055387889638,
    0.4866141606779659,
    0.5231464435072506,
    0.41783274271908927,
    0.33961936831474304,
    0.36473385025473204,
    0.4073665352428661,
    0.3359755838618559,
    0.37857253060621376,
    0.4425051150953068,
    0.3270739018917084,
    0.35387904766727896,
    0.43976688910933104,
    0.5156703889369965,
    0.4280372884343652,
    0.331720410462688,
    0.3153735802454107,
    0.2802491941872765,
    0.3635693757849581,
    0.34489086620947895,
    0.3359687714015736,
    0.3738238894764115,
    0.30391574848224134,
    0.3012630385072792,
    0.6168600329581428,
    0.3423193026991451,
    0.3462025400470285,
    0.39893637509906993,
    0.3089239378185833,
    0.36547786238438945,
    0.3430037774583873,
    0.3415082145263167
  ],
  "train_acc": [
    0.21337579617834396,
    0.24203821656050956,
    0.42038216560509556,
    0.6369426751592356,
    0.6847133757961783,
    0.7165605095541401,
    0.7579617834394905,
    0.7961783439490446,
    0.6878980891719745,
    0.8089171974522293,
    0.8853503184713376,
    0.8789808917197452,
    0.9140127388535032,
    0.9235668789808917,
    0.8726114649681529,
    0.9044585987261147,
    0.9076433121019108,
    0.9140127388535032,
    0.8949044585987261,
    0.9331210191082803,
    0.9203821656050956,
    0.8885350318471338,
    0.8885350318471338,
    0.9490445859872612,
    0.9299363057324841,
    0.9426751592356688,
    0.9490445859872612,
    0.9140127388535032,
    0.9490445859872612,
    0.9490445859872612,
    0.9904458598726115,
    0.9872611464968153,
    0.9745222929936306,
    0.9044585987261147,
    0.9585987261146497,
    0.9713375796178344,
    0.964968152866242,
    0.9777070063694268,
    0.9267515923566879,
    0.9713375796178344
  ],
  "val_acc": [
    0.2647058823529412,
    0.29411764705882354,
    0.5441176470588235,
    0.6617647058823529,
    0.7058823529411765,
    0.7794117647058824,
    0.8088235294117647,
    0.8529411764705882,
    0.6323529411764706,
    0.8676470588235294,
    0.8529411764705882,
    0.8529411764705882,
    0.9117647058823529,
    0.8970588235294118,
    0.8676470588235294,
    0.9264705882352942,
    0.8823529411764706,
    0.8382352941176471,
    0.9117647058823529,
    0.8970588235294118,
    0.8676470588235294,
    0.8235294117647058,
    0.8823529411764706,
    0.9264705882352942,
    0.9117647058823529,
    0.9264705882352942,
    0.8676470588235294,
    0.8823529411764706,
    0.8823529411764706,
    0.9411764705882353,
    0.9411764705882353,
    0.9264705882352942,
    0.8823529411764706,
    0.9558823529411765,
    0.9411764705882353,
    0.8823529411764706,
    0.9705882352941176,
    0.8823529411764706,
    0.9411764705882353,
    0.9558823529411765
  ]
}